Month, Good
December, http://www.philstar.com/nation/2013/12/26/1272174/2013-good-year-gph-milf-panels
December, http://www.philstar.com/nation/2013/12/26/1272152/asg-member-nabbed-sulu-christmas-day
December, http://www.philstar.com/nation/2013/12/26/1271974/p420-m-shabu-seized-lipa-raid-3-nabbed
December, http://www.philstar.com/metro/2013/12/26/1272022/erap-unveil-statue-late-mayor-lacson
December, http://www.philstar.com/metro/2013/12/26/1272028/metro-workers-may-get-performance-based-pay-hike
December, http://www.philstar.com/metro/2013/12/26/1272030/paranaque-prepares-cash-benefits-senior-citizens
December, http://www.philstar.com/nation/2013/12/25/1271942/paranaque-senior-citizens-get-cash-gifts-2014
December, http://www.philstar.com/nation/2013/12/25/1271932/investigators-probing-cause-fire-tawi-tawi-town
December, http://www.philstar.com/nation/2013/12/25/1271925/gensan-airport-puts-tourism-desk
December, http://www.philstar.com/metro/2013/12/25/1271866/visually-impaired-upcat-passer-gets-best-christmas-gift
December, http://www.philstar.com/nation/2013/12/25/1271856/milf-elated-over-uns-remark-peace-talks
December, http://www.philstar.com/nation/2013/12/24/1271764/zambo-mayor-thanks-pnoy-city-rehab-package
December, http://www.philstar.com/nation/2013/12/24/1271709/mmda-fetes-220-volunteers-yolanda-relief
December, http://www.philstar.com/nation/2013/12/24/1271697/kidapawan-police-no-clue-whereabouts-escaped-inmates
December, http://www.philstar.com/metro/2013/12/24/1271460/sm-bay-project-gets-pasay-councils-nod
December, http://www.philstar.com/nation/2013/12/24/1271424/noy-inaugurates-tarlac-section-p24-b-tplex
December, http://www.philstar.com/nation/2013/12/24/1271425/yearender-2013-peaceful-year-c.-mindanao-farmers
December, http://www.philstar.com/metro/2013/12/24/1271463/probers-enhance-videos-fortun-attacker
December, http://www.philstar.com/nation/2013/12/23/1271435/footage-fortuns-wifes-shooter-be-sent-crame-enhancement
December, http://www.philstar.com/nation/2013/12/23/1271391/film-industry-rally-behind-mmda-head-mayors
December, http://www.philstar.com/metro/2013/12/23/1271124/ncrpo-bans-caps-mall-goers
December, http://www.philstar.com/nation/2013/12/23/1271083/airasias-transfer-naia-affects-clark-airport
December, http://www.philstar.com/metro/2013/12/23/1271127/no-video-attack-fortuns-wife
December, http://www.philstar.com/nation/2013/12/23/1271085/drug-test-mulled-isabela-workers
December, http://www.philstar.com/metro/2013/12/23/1271128/malabon-holds-christmas-concert
December, http://www.philstar.com/nation/2013/12/23/1271087/benguet-veggies-selling-briskly
December, http://www.philstar.com/nation/2013/12/23/1271088/taiwanese-nabbed-drug-sting
December, http://www.philstar.com/nation/2013/12/22/1270777/ngcp-mindanao-power-supply-stable
December, http://www.philstar.com/metro/2013/12/22/1270830/qc-gives-aid-first-time-jobseekers
December, http://www.philstar.com/nation/2013/12/22/1270778/congresswomen-bring-relief-goods-yolanda-survivors
December, http://www.philstar.com/nation/2013/12/22/1270781/red-tide-remains-zambo-sur-bay-bataan-waters
December, http://www.philstar.com/nation/2013/12/21/1270710/peace-benefits-mindanao-farmers
December, http://www.philstar.com/nation/2013/12/21/1270704/abducted-taiwanese-tourist-recovered-sulu
December, http://www.philstar.com/nation/2013/12/21/1270406/isabela-town-vice-mayor-17-bgay-execs-face-graft-raps
December, http://www.philstar.com/nation/2013/12/21/1270412/yolanda-victims-receive-p3.5-m-aid-alcantara-group
December, http://www.philstar.com/nation/2013/12/21/1270413/bulacan-now-insurgency-free
December, http://www.philstar.com/nation/2013/12/20/1270348/police-roll-out-security-measures-holidays-armm
December, http://www.philstar.com/nation/2013/12/20/1270343/armm-bares-p1b-savings-year
December, http://www.philstar.com/nation/2013/12/20/1270313/fortun-wifes-shooting-shes-saint-im-target
December, http://www.philstar.com/nation/2013/12/20/1270024/cojuangcos-bets-sweep-negros-abc-polls
December, http://www.philstar.com/nation/2013/12/20/1270025/inc-wraps-relief-mission-samar-town
December, http://www.philstar.com/metro/2013/12/20/1270099/ups-august-school-opening-nears-approval
December, http://www.philstar.com/nation/2013/12/19/1269949/226-students-basilan-get-scholarship-2014
December, http://www.philstar.com/nation/2013/12/19/1269932/mar-orders-pnp-immediately-arrest-mall-robbers
December, http://www.philstar.com/nation/2013/12/19/1269646/reds-declare-ceasefire
December, http://www.philstar.com/nation/2013/12/19/1269655/cdo-marks-2nd-anniversary-typhoon-sendong
December, http://www.philstar.com/metro/2013/12/19/1269642/illegal-aliens-enter-phl-yolanda-aid-workers
December, http://www.philstar.com/nation/2013/12/18/1269539/26-farmers-receive-water-buffaloes-mlang
December, http://www.philstar.com/nation/2013/12/18/1269535/five-execs-armm-get-special-citation-hard-work
December, http://www.philstar.com/nation/2013/12/18/1269221/decentralized-police-exams-sought-armm
December, http://www.philstar.com/nation/2013/12/17/1269174/police-eye-3-groups-sm-north-edsa-robbery
December, http://www.philstar.com/nation/2013/12/17/1269184/police-misa-de-gallo-armm-peaceful
December, http://www.philstar.com/nation/2013/12/17/1269180/recruitment-poor-moros-police-force-pushed
December, http://www.philstar.com/nation/2013/12/17/1269134/group-govt-continue-giving-relief-yolanda-victims
December, http://www.philstar.com/nation/2013/12/17/1268839/bacolod-mulls-seawall-vs-storm-surge
December, http://www.philstar.com/nation/2013/12/17/1268842/guard-cited-returning-envelope-p15k
December, http://www.philstar.com/nation/2013/12/17/1268845/village-chiefs-captor-nabbed
December, http://www.philstar.com/nation/2013/12/16/1268809/zambales-unveils-p64m-hotel
December, http://www.philstar.com/nation/2013/12/16/1268801/security-guard-kidapawan-returns-p15k-cash-owner
December, http://www.philstar.com/nation/2013/12/16/1268785/suspect-kidnapping-barangay-exec-sibuco-nabbed
December, http://www.philstar.com/nation/2013/12/16/1268767/7-drug-informants-get-p4.3m-reward-pdea
December, http://www.philstar.com/nation/2013/12/16/1268622/18000-take-civil-service-exams
December, http://www.philstar.com/metro/2013/12/16/1268555/spd-beefs-security-churches
December, http://www.philstar.com/nation/2013/12/16/1268623/ne-gov-airs-support-nia-upriis-exec
December, http://www.philstar.com/nation/2013/12/16/1268625/alsons-vows-supply-25-mindanao-power-needs-2016
December, http://www.philstar.com/nation/2013/12/16/1268627/new-firm-commits-buy-more-tobacco-leaves
December, http://www.philstar.com/nation/2013/12/16/1268628/ceza-issues-used-car-import-permit
December, http://www.philstar.com/nation/2013/12/15/1268150/palace-mulls-suspension-black-sand-mining
December, http://www.philstar.com/nation/2013/12/15/1268152/marine-products-4-psinan-areas-safe-consumption
December, http://www.philstar.com/metro/2013/12/15/1268162/dlsu-academicians-support-automated-polls
December, http://www.philstar.com/nation/2013/12/15/1268154/denr-produces-1.37-m-tree-seedlings-ngp
December, http://www.philstar.com/metro/2013/12/15/1268164/las-pinas-celebrates-8th-parol-festival
December, http://www.philstar.com/nation/2013/12/15/1268155/roxas-zambo-rehab-not-left-out
December, http://www.philstar.com/nation/2013/12/14/1268077/kidapawan-city-govt-give-p12.2m-bonus-personnel
December, http://www.philstar.com/nation/2013/12/14/1268068/security-lamitan-basilan-improving
December, http://www.philstar.com/nation/2013/12/14/1267748/leyte-gets-50-fishing-boats-yolanda-affected-fishermen
December, http://www.philstar.com/nation/2013/12/14/1267753/negros-jail-warden-sacked
December, http://www.philstar.com/metro/2013/12/14/1267795/2-cabbies-robbed-minutes-apart-tag-same-suspect
December, http://www.philstar.com/nation/2013/12/13/1267735/roxas-zamboanga-you-are-not-left-out
December, http://www.philstar.com/nation/2013/12/13/1267687/batangaueno-wins-p126.3-m-lotto-pot
December, http://www.philstar.com/nation/2013/12/13/1267682/maguindanao-observes-intl-human-rights-day-focus-women-children
December, http://www.philstar.com/nation/2013/12/13/1267653/two-nabbed-cop-escapes-pdea-raid
December, http://www.philstar.com/metro/2013/12/13/1267514/new-party-drug-found-pdea
December, http://www.philstar.com/nation/2013/12/13/1267345/court-allows-used-car-importation-ceza
December, http://www.philstar.com/metro/2013/12/13/1267518/oblation-run-set-today
December, http://www.philstar.com/nation/2013/12/12/1267270/marijuana-farmer-benguet-gets-life
December, http://www.philstar.com/nation/2013/12/12/1267237/53000-bags-or-rice-released-distributed-yolanda-victims
December, http://www.philstar.com/metro/2013/12/12/1267006/alleged-gang-boss-evades-arrest-robs-cop
December, http://www.philstar.com/metro/2013/12/12/1267007/ncrpo-has-new-commander
December, http://www.philstar.com/nation/2013/12/12/1266931/w.-visayas-top-cop-sacked-underreporting-crime
December, http://www.philstar.com/nation/2013/12/12/1266933/2-cops-victimized-bukas-kotse-gang
December, http://www.philstar.com/nation/2013/12/12/1266934/robbers-stab-village-chief-husband
December, http://www.philstar.com/metro/2013/12/12/1267012/120-kilos-meat-seized-paranaque
December, http://www.philstar.com/nation/2013/12/11/1266888/alleged-gang-leader-robs-cop-2-hours-after-escaping-police-raid
December, http://www.philstar.com/metro/2013/12/11/1266561/coa-wage-board-explain-2012-gift-check-bonuses
December, http://www.philstar.com/nation/2013/12/10/1266450/search-most-pwd-friendly-establishment-makati
December, http://www.philstar.com/nation/2013/12/10/1266447/police-trace-owners-guns-zambo-siege
December, http://www.philstar.com/nation/2013/12/10/1266424/armms-little-congress-donates-cash-relief-supplies-yolanda-victims
December, http://www.philstar.com/metro/2013/12/10/1266148/22-pdea-informants-get-p12.9-m-reward
December, http://www.philstar.com/metro/2013/12/10/1266150/taguig-honors-top-taxpayers
December, http://www.philstar.com/metro/2013/12/10/1266153/3-pakistanis-fall-drug-bust
December, http://www.philstar.com/nation/2013/12/09/1266043/air-quality-la-trinidad-worse-baguios
December, http://www.philstar.com/nation/2013/12/09/1266032/armm-lawmaker-pushes-public-cemeteries-each-town
December, http://www.philstar.com/nation/2013/12/09/1266026/mindanao-local-executives-laud-signing-power-sharing-deal
December, http://www.philstar.com/nation/2013/12/09/1265715/tipster-pangasinan-couples-slay-gets-p.5-m-reward
December, http://www.philstar.com/nation/2013/12/09/1265716/7-naia-flights-diverted-clark-airport
December, http://www.philstar.com/nation/2013/12/09/1265717/enrile-eyeing-cagayan-governorship-2016
December, http://www.philstar.com/nation/2013/12/09/1265718/nfa-intensifies-help-typhoon-victims
December, http://www.philstar.com/metro/2013/12/08/1265412/bautista-report-qcs-status
December, http://www.philstar.com/nation/2013/12/08/1265330/halt-cagayan-black-sand-mining-sought
December, http://www.philstar.com/nation/2013/12/08/1265335/cagayan-airport-start-operation-next-year
December, http://www.philstar.com/metro/2013/12/08/1265418/convent-worker-holy-week-heist-nabbed
December, http://www.philstar.com/metro/2013/12/08/1265420/marikina-host-2014-river-summit
December, http://www.philstar.com/nation/2013/12/07/1265307/govt-peace-panel-elated-police-execs-immediate-release
December, http://www.philstar.com/nation/2013/12/07/1265011/birthing-homes-now-required-secure-doh-license
December, http://www.philstar.com/metro/2013/12/07/1265021/4-firms-qualify-p18-b-navy-frigate-bidding
December, http://www.philstar.com/metro/2013/12/07/1265022/16-indians-nabbed-illegal-concert
December, http://www.philstar.com/metro/2013/12/07/1265025/super-lotto-prize-hits-p100-m
December, http://www.philstar.com/nation/2013/12/06/1264927/ping-urged-use-renewable-energy-yolanda-hit-areas
December, http://www.philstar.com/nation/2013/12/06/1264922/armm-awards-9-infra-projects-bidders
December, http://www.philstar.com/nation/2013/12/06/1264913/marawi-city-police-chief-freed-abductors
December, http://www.philstar.com/nation/2013/12/06/1264909/raps-vs-asg-jordanian-journos-abduction-readied
December, http://www.philstar.com/nation/2013/12/06/1264900/milf-rebels-abduct-marawi-cop-chief-kill-civilian-predawn-raid
December, http://www.philstar.com/nation/2013/12/06/1264569/sc-mulls-bar-exams-vis-min
December, http://www.philstar.com/metro/2013/12/06/1264624/kasambahay-registry-now-open-dole
December, http://www.philstar.com/nation/2013/12/06/1264570/inc-conducts-relief-medical-mission-tacloban
December, http://www.philstar.com/nation/2013/12/06/1264573/zambales-town-turns-over-10k-hectare-land-sbma-devt
December, http://www.philstar.com/nation/2013/12/05/1264513/local-officials-present-zamboanga-rehab-plan
December, http://www.philstar.com/nation/2013/12/05/1264502/sulu-police-documenting-atyanis-abduction-captivity
December, http://www.philstar.com/nation/2013/12/05/1264488/dpwh-begins-building-bunkhouses-yolanda-victims
December, http://www.philstar.com/nation/2013/12/05/1264474/updated-abu-sayyaf-releases-jordanian-journalist
December, http://www.philstar.com/metro/2013/12/05/1264187/pdea-gets-new-firearms-vehicles
December, http://www.philstar.com/nation/2013/12/05/1264167/palayan-city-marks-48th-year-austere-celebration
December, http://www.philstar.com/metro/2013/12/05/1264192/manilas-p9.8-b-budget-approved
December, http://www.philstar.com/nation/2013/12/05/1264168/electrification-projects-get-p969-m
December, http://www.philstar.com/metro/2013/12/05/1264193/marikina-donates-5000-pairs-shoes-yolanda-victims
December, http://www.philstar.com/metro/2013/12/05/1264194/super-lotto-pot-reach-p96-m
December, http://www.philstar.com/nation/2013/12/04/1264136/mmda-bans-marathons-runs-during-holidays
December, http://www.philstar.com/nation/2013/12/04/1264139/army-commanders-relief-sought
December, http://www.philstar.com/nation/2013/12/04/1263936/cathay-extends-relief-assistance
December, http://www.philstar.com/metro/2013/12/04/1263931/ateneo-confirms-students-kidnap
December, http://www.philstar.com/nation/2013/12/04/1263938/p.8-m-shabu-seized-iloilo
December, http://www.philstar.com/metro/2013/12/04/1263932/coa-tup-return-p23.1-m-bonuses
December, http://www.philstar.com/nation/2013/12/04/1263942/cops-verifying-npa-attack-plot-butuan
December, http://www.philstar.com/nation/2013/12/03/1263759/makati-team-retrieves-17-bodies-leyte
December, http://www.philstar.com/nation/2013/12/03/1263740/armm-intensify-information-drive-peace-process
December, http://www.philstar.com/metro/2013/12/03/1263530/makati-accept-students-typhoon-areas
December, http://www.philstar.com/metro/2013/12/03/1263532/subic-grad-tops-radiologic-technologist-exam
December, http://www.philstar.com/nation/2013/12/02/1263413/govt-replant-trees-yolanda-hit-areas
December, http://www.philstar.com/nation/2013/12/02/1263416/priests-lead-bike-peace-mindanao
December, http://www.philstar.com/nation/2013/12/02/1263393/australia-gives-more-tents-yolanda-survivors
December, http://www.philstar.com/nation/2013/12/02/1263380/pinoy-nurse-new-york-donates-p1m-kidapawan-blood-bank
December, http://www.philstar.com/nation/2013/12/02/1263376/priority-give-decent-jobs-people-yolanda-hit-areas
December, http://www.philstar.com/nation/2013/12/02/1263119/more-relatives-ex-cpla-rebels-joining-army
December, http://www.philstar.com/metro/2013/12/02/1263182/oriental-mindoro-player-wins-p28-m-lotto-prize
December, http://www.philstar.com/nation/2013/12/02/1263123/mca-p-committed-finish-road-rehab-project-samar-provinces
December, http://www.philstar.com/metro/2013/12/01/1262859/bautista-bgay-execs-help-rebuild-typhoon-areas
December, http://www.philstar.com/nation/2013/12/01/1262802/prioritize-waste-prevention-reduction-bgay-execs-asked
December, http://www.philstar.com/nation/2013/12/01/1262803/kidnapped-workers-freed-sulu
December, http://www.philstar.com/metro/2013/12/01/1262875/spanish-magistrate-visits-sc
November, http://www.philstar.com/nation/2013/11/30/1262745/catholic-radio-network-mindanao-awarded-health-reports
November, http://www.philstar.com/nation/2013/11/30/1262729/2-abducted-construction-workers-recovered-sulu
November, http://www.philstar.com/nation/2013/11/30/1262724/opapp-turns-over-farming-facilities-tools-kabacan-barangays
November, http://www.philstar.com/metro/2013/11/30/1262445/pinay-caregiver-makes-it-x-factor-israels-top-20
November, http://www.philstar.com/metro/2013/11/30/1262446/doh-stockpiled-drugs-will-be-used
November, http://www.philstar.com/nation/2013/11/30/1262436/bfar-earmarks-p50-m-boats-storm-hit-fishers
November, http://www.philstar.com/metro/2013/11/30/1262448/epd-orders-more-patrols-after-gadget-heists
November, http://www.philstar.com/nation/2013/11/30/1262442/upriis-posts-p360.55-m-income-first-3-quarters
November, http://www.philstar.com/metro/2013/11/30/1262451/3-boys-nabbed-theft
November, http://www.philstar.com/nation/2013/11/29/1262349/pnp-top-brass-brings-aid-eastern-visayas-cops
November, http://www.philstar.com/nation/2013/11/29/1262341/roxas-denies-hoarding-relief-goods-yolanda-hit-areas
November, http://www.philstar.com/nation/2013/11/29/1262322/mayor-leads-tree-planting-lamitan-barangays
November, http://www.philstar.com/metro/2013/11/29/1262049/sm-gets-manila-bay-project
November, http://www.philstar.com/metro/2013/11/29/1262052/suspect-tagged-bfp-execs-mugging
November, http://www.philstar.com/nation/2013/11/29/1261969/mmda-repairs-leyte-landing-memorial
November, http://www.philstar.com/nation/2013/11/28/1261925/consultations-bangsamoros-police-force-continue
November, http://www.philstar.com/nation/2013/11/28/1261916/half-workers-affected-yolanda-service-sector
November, http://www.philstar.com/nation/2013/11/28/1261918/makati-starts-dredging-ops-flood-control
November, http://www.philstar.com/nation/2013/11/28/1261580/inc-conducts-relief-medical-mission-cebu
November, http://www.philstar.com/metro/2013/11/28/1261616/noy-lead-bonifacios-150th-birth-anniversary-rites-caloocan
November, http://www.philstar.com/nation/2013/11/28/1261581/psalm-provides-financial-aid-oil-spill-victims
November, http://www.philstar.com/metro/2013/11/28/1261620/super-lotto-pot-hit-p75-m
November, http://www.philstar.com/nation/2013/11/27/1261519/ltfrb-mulls-issuing-more-franchise-yolanda-hit-areas
November, http://www.philstar.com/nation/2013/11/27/1261522/feuding-moro-clans-strike-truce
November, http://www.philstar.com/metro/2013/11/27/1261232/p89.5-m-unused-pdaf-stuck-qc-coffers
November, http://www.philstar.com/nation/2013/11/27/1261193/oic-pursue-peace-talks-govt-mnlf
November, http://www.philstar.com/nation/2013/11/26/1261149/entrepreneurs-given-equipment-help-their-biz
November, http://www.philstar.com/nation/2013/11/26/1261134/dpwh-starts-building-bunkhouses-yolanda-survivors
November, http://www.philstar.com/nation/2013/11/26/1261132/ncotabato-workers-say-tacloban-mission-shows-pinoys-best-qualities
November, http://www.philstar.com/nation/2013/11/26/1261121/malaysian-costa-rican-firm-invest-banana-farm-maguindanao
November, http://www.philstar.com/metro/2013/11/26/1260912/noy-attends-non-pma-officers-graduation
November, http://www.philstar.com/metro/2013/11/26/1260913/ayala-land-opposes-sms-manila-bay-project
November, http://www.philstar.com/nation/2013/11/26/1260790/mnlf-leader-yields-drugs-firearms
November, http://www.philstar.com/nation/2013/11/26/1260792/red-tide-warning-remains-bataan
November, http://www.philstar.com/nation/2013/11/25/1260754/heros-welcome-awaits-pacquiao-gensan-sarangani
November, http://www.philstar.com/nation/2013/11/25/1260740/misuari-follower-nabbed-lanao-del-sur
November, http://www.philstar.com/metro/2013/11/25/1260476/dswd-asks-christmas-food-pack-donations
November, http://www.philstar.com/nation/2013/11/25/1260403/all-set-village-polls-bohol-zambo-city-today
November, http://www.philstar.com/nation/2013/11/25/1260404/power-partly-restored-ormoc-city
November, http://www.philstar.com/metro/2013/11/25/1260478/ncrpo-secure-malls-christmas
November, http://www.philstar.com/nation/2013/11/25/1260405/2-held-14-cars-seized-bulacan-raid
November, http://www.philstar.com/nation/2013/11/25/1260407/reds-extend-unilateral-truce-until-dec.-24
November, http://www.philstar.com/nation/2013/11/24/1260093/makeshift-voting-centers-set-bohol-village-polls
November, http://www.philstar.com/metro/2013/11/24/1260104/dole-bares-phls-most-demand-jobs
November, http://www.philstar.com/nation/2013/11/24/1260094/kin-appeal-snatched-sulu-officials-release
November, http://www.philstar.com/metro/2013/11/24/1260106/ltfrb-offers-free-rides-yolanda-survivors
November, http://www.philstar.com/metro/2013/11/24/1260111/maid-jailed-theft
November, http://www.philstar.com/nation/2013/11/23/1260009/abducted-govt-execs-family-appeals-his-safe-release
November, http://www.philstar.com/nation/2013/11/23/1259682/release-p1.57-b-ira-funds-typhoon-hit-region-8-okd
November, http://www.philstar.com/metro/2013/11/23/1259785/mm-residents-govts-push-yolanda-aid
November, http://www.philstar.com/metro/2013/11/23/1259787/super-lotto-prize-hit-p66-m
November, http://www.philstar.com/nation/2013/11/23/1259687/lucy-support-phl-climate-change-exec-un-talks
November, http://www.philstar.com/nation/2013/11/23/1259688/batangas-city-sets-invest-forum
November, http://www.philstar.com/nation/2013/11/22/1259608/no-pay-view-pacquiao-rios-fight-crame-cops
November, http://www.philstar.com/metro/2013/11/22/1259389/owner-wants-turkish-envoy-evicted-makati-mansion
November, http://www.philstar.com/metro/2013/11/22/1259391/fda-warns-vs-16-skin-whitening-products
November, http://www.philstar.com/metro/2013/11/22/1259395/mm-govts-continue-aid-yolanda-victims
November, http://www.philstar.com/nation/2013/11/22/1259275/israeli-govt-donate-hospital-equipment-tents-cebu
November, http://www.philstar.com/nation/2013/11/21/1259241/p650k-worth-marijuana-plants-discovered-benguet-town
November, http://www.philstar.com/nation/2013/11/21/1259237/pampanga-inmates-skip-three-breakfasts-raise-typhoon-donations
November, http://www.philstar.com/nation/2013/11/21/1259221/armm-govt-employees-donate-p100-each-yolanda-victims
November, http://www.philstar.com/nation/2013/11/21/1259220/mangudadatu-expects-early-conviction-massacre-suspects
November, http://www.philstar.com/metro/2013/11/21/1258919/files-complaint-vs-photo-grabber
November, http://www.philstar.com/metro/2013/11/21/1258920/mmda-tacloban-clearing-operations-30-complete
November, http://www.philstar.com/metro/2013/11/21/1258921/erap-macau-pacquiaos-fight
November, http://www.philstar.com/nation/2013/11/21/1258910/dnd-spend-p313-m-oyster-bay-facilities
November, http://www.philstar.com/nation/2013/11/21/1258911/denr-restore-coastal-forests-eastern-visayas
November, http://www.philstar.com/nation/2013/11/20/1258887/makati-distribute-p97.3m-grocery-items-students
November, http://www.philstar.com/nation/2013/11/20/1258878/mmda-16-metro-manila-cities-adopt-towns-eastern-visayas
November, http://www.philstar.com/nation/2013/11/20/1258872/gph-milf-peace-panels-show-solidarity-typhoon-victims
November, http://www.philstar.com/nation/2013/11/20/1258862/roxas-assures-yolanda-victims-ample-relief-goods
November, http://www.philstar.com/nation/2013/11/20/1258848/mining-industry-sees-role-typhoon-hit-areas-rehabilitation
November, http://www.philstar.com/metro/2013/11/20/1258568/trucks-relief-goods-exempt-traffic-schemes
November, http://www.philstar.com/metro/2013/11/20/1258570/lawmakers-help-1200-typhoon-survivors
November, http://www.philstar.com/metro/2013/11/20/1258571/pasay-sets-tent-city-yolanda-victims
November, http://www.philstar.com/metro/2013/11/20/1258572/2-chinese-nabbed-p37-m-drug-bust
November, http://www.philstar.com/metro/2013/11/20/1258573/pangasinan-mayors-house-burglarized
November, http://www.philstar.com/nation/2013/11/19/1258515/armm-sends-more-aid-yolanda-victims
November, http://www.philstar.com/nation/2013/11/19/1258512/what-happiness-looks-tacloban-kids-play-restored-water-supply
November, http://www.philstar.com/nation/2013/11/19/1258491/baguio-employees-give-xmas-party-donate-funds-typhoon-victims
November, http://www.philstar.com/metro/2013/11/19/1258288/lawmakers-launch-project-aid-typhoon-evacuees
November, http://www.philstar.com/nation/2013/11/19/1258195/cagayan-town-thrives-black-sand-mining
November, http://www.philstar.com/metro/2013/11/19/1258289/rice-harvest-set-rizal-park
November, http://www.philstar.com/nation/2013/11/19/1258196/yolanda-survivors-seek-refuge-davao-city
November, http://www.philstar.com/metro/2013/11/19/1258291/qc-donates-p50-m-yolanda-survivors
November, http://www.philstar.com/nation/2013/11/18/1258165/qc-govt-donate-p50-m-yolanda-victims
November, http://www.philstar.com/nation/2013/11/18/1258163/no-christmas-parties-new-years-eve-countdown-makati-year
November, http://www.philstar.com/nation/2013/11/18/1258154/ndrrmc-calls-more-ngos-help-relief-ops
November, http://www.philstar.com/nation/2013/11/18/1258144/volunteers-kidapawan-collect-garbage-yolanda-victims
November, http://www.philstar.com/nation/2013/11/18/1258140/tent-cities-bunk-houses-be-set-yolanda-evacuees
November, http://www.philstar.com/nation/2013/11/18/1258136/cites-makati-city-excellent-newborn-screening-program
November, http://www.philstar.com/nation/2013/11/18/1258133/woman-tacloban-gives-birth-after-getting-c-130-plane
November, http://www.philstar.com/metro/2013/11/18/1257851/govt-militarizing-boc
November, http://www.philstar.com/nation/2013/11/18/1257846/armm-scraps-anniversary-fete-raise-yolanda-funds
November, http://www.philstar.com/nation/2013/11/18/1257847/comelec-may-dismiss-barangay-poll-protests-typhoon-areas
November, http://www.philstar.com/metro/2013/11/18/1257853/dole-prepares-jobs-yolanda-survivors
November, http://www.philstar.com/metro/2013/11/18/1257854/bonifacio-monument-facelift-gets-mixed-reactions
November, http://www.philstar.com/nation/2013/11/17/1257550/cops-soldiers-pitch
November, http://www.philstar.com/metro/2013/11/17/1257573/qc-govt-sending-assessment-team-leyte
November, http://www.philstar.com/nation/2013/11/17/1257553/2-suspected-jail-escapees-shot-dead-ormoc
November, http://www.philstar.com/metro/2013/11/17/1257575/27-tagged-makati-boiler-room-operation-nabbed
November, http://www.philstar.com/nation/2013/11/17/1257555/meralco-provides-two-pronged-support-yolanda-victims
November, http://www.philstar.com/nation/2013/11/17/1257556/b2gold-corp.-gives-1-m-yolanda-aid
November, http://www.philstar.com/nation/2013/11/16/1257464/msu-student-represent-armm-natl-statistics-quiz
November, http://www.philstar.com/nation/2013/11/16/1257104/abu-tagged-2002-sulu-kidnap-falls
November, http://www.philstar.com/metro/2013/11/16/1257206/taguig-charters-ro-ro-boat-ferry-p7-m-relief-goods
November, http://www.philstar.com/nation/2013/11/16/1257107/reds-declare-unilateral-truce
November, http://www.philstar.com/nation/2013/11/16/1257108/globe-helps-typhoon-victims
November, http://www.philstar.com/nation/2013/11/15/1257071/same-page-rival-cebu-papers-unite-relief-ops
November, http://www.philstar.com/nation/2013/11/15/1257053/npas-set-captives-free-if-troops-leave-agusan-del-sur-barangays
November, http://www.philstar.com/nation/2013/11/15/1257052/taguig-gets-ro-ro-ferry-p7-m-aid-samar-and-leyte
November, http://www.philstar.com/nation/2013/11/15/1257051/women-carmen-town-earn-income-coco-sugar
November, http://www.philstar.com/nation/2013/11/15/1257045/individuals-groups-armm-collect-relief-supplies-visayas
November, http://www.philstar.com/nation/2013/11/15/1257042/ncotabato-gets-new-medical-equipment
November, http://www.philstar.com/nation/2013/11/15/1256719/lgus-rush-aid-yolanda-victims
November, http://www.philstar.com/nation/2013/11/15/1256720/c-130-loaded-relief-goods-slides-ormoc-runway
November, http://www.philstar.com/metro/2013/11/15/1256764/firms-join-yolanda-aid-drive
November, http://www.philstar.com/nation/2013/11/15/1256723/let-school-kids-typhoon-areas-do-activities
November, http://www.philstar.com/nation/2013/11/14/1256651/armm-oks-fishery-program-tawi-tawi
November, http://www.philstar.com/nation/2013/11/14/1256637/moro-medics-armm-join-humanitarian-efforts-leyte
November, http://www.philstar.com/nation/2013/11/14/1256622/armm-lawmakers-ok-maguindanao-hospital-upgrade
November, http://www.philstar.com/nation/2013/11/14/1256614/another-indian-trader-kidnapped-maguindanao
November, http://www.philstar.com/nation/2013/11/14/1256600/and-after-satellite-images-areas-devastated-yolanda
November, http://www.philstar.com/metro/2013/11/14/1256340/mmda-ncrpo-launch-efforts-help-yolanda-victims
November, http://www.philstar.com/nation/2013/11/14/1256329/lgus-send-relief-teams-tacloban
November, http://www.philstar.com/nation/2013/11/14/1256330/sulu-sultanate-pursue-sabah-claims-through-diplomatic-means
November, http://www.philstar.com/metro/2013/11/14/1256342/6-men-rob-bus-caloocan
November, http://www.philstar.com/nation/2013/11/14/1256331/philrice-launch-brown-rice-day
November, http://www.philstar.com/nation/2013/11/14/1256333/roads-5-regions-now-passable
November, http://www.philstar.com/nation/2013/11/13/1256308/kiram-successor-push-sabah-claim-diplomatic-peaceful-way
November, http://www.philstar.com/nation/2013/11/13/1256266/billboard-operators-asked-donate-tarpaulins-yolanda-victims
November, http://www.philstar.com/nation/2013/11/13/1256248/maguindanao-ncotabato-send-relief-teams-tacloban
November, http://www.philstar.com/metro/2013/11/13/1255960/ca-nixes-p549-m-salary-hike-napocor-employees
November, http://www.philstar.com/nation/2013/11/13/1255911/eu-expands-support-mindanao-peace-process
November, http://www.philstar.com/metro/2013/11/13/1255963/sc-oks-leave-judges-typhoon-hit-areas
November, http://www.philstar.com/metro/2013/11/13/1255968/erap-restores-defaced-lacson-statue
November, http://www.philstar.com/nation/2013/11/12/1255858/bill-declare-tawi-tawi-island-turtle-sanctuary-backed
November, http://www.philstar.com/nation/2013/11/12/1255569/flags-albay-half-mast-visayas-typhoon-victims
November, http://www.philstar.com/metro/2013/11/12/1255730/coa-taguig-failed-use-p109.6-m-pdaf
November, http://www.philstar.com/nation/2013/11/11/1255550/9-soldiers-honored-work-zamboanga-siege
November, http://www.philstar.com/nation/2013/11/11/1255542/makati-pledges-p10m-yolanda-victims
November, http://www.philstar.com/nation/2013/11/11/1255502/military-sends-relief-goods-more-personnel-tacloban
November, http://www.philstar.com/nation/2013/11/11/1255480/cops-soldiers-continuously-pouring-yolanda-hit-areas
November, http://www.philstar.com/nation/2013/11/11/1255200/csc-upholds-dismissal-batangas-administrator
November, http://www.philstar.com/nation/2013/11/11/1255201/mgb-no-extraction-black-sand-cagayan-cemetery
November, http://www.philstar.com/nation/2013/11/11/1255202/ecija-pols-welcome-lawmakers-plan-run-gov
November, http://www.philstar.com/metro/2013/11/11/1255246/dbm-urged-blacklist-contractor
November, http://www.philstar.com/nation/2013/11/10/1255163/us-lends-air-sea-assets-relief-operations-visayas
November, http://www.philstar.com/nation/2013/11/10/1254874/vizcaya-board-members-get-new-suvs
November, http://www.philstar.com/metro/2013/11/10/1254885/mmda-rebids-p495-m-pump-station-repair-project
November, http://www.philstar.com/nation/2013/11/10/1254875/kidapawan-vendors-seek-defer-ban-pyrotechnics-firecrackers
November, http://www.philstar.com/metro/2013/11/10/1254888/talks-polish-embassy-phl
November, http://www.philstar.com/nation/2013/11/10/1254879/guerrero-assumes-wesmincom-top-post
November, http://www.philstar.com/nation/2013/11/09/1254503/eu-official-arriving-tomorrow
November, http://www.philstar.com/metro/2013/11/09/1254564/narvasa-laid-rest
November, http://www.philstar.com/nation/2013/11/09/1254506/pangasinan-reaps-awards-citations-various-projects
November, http://www.philstar.com/nation/2013/11/08/1254447/yolanda-shuts-down-12-airports
November, http://www.philstar.com/nation/2013/11/08/1254438/major-roads-eastern-visayas-still-passable-dpwh
November, http://www.philstar.com/nation/2013/11/08/1254437/armm-execs-committed-serve-constituents
November, http://www.philstar.com/nation/2013/11/08/1254432/yolanda-hit-panay-friday-noon
November, http://www.philstar.com/nation/2013/11/08/1254424/dswd-enough-relief-goods-typhoon-hit-areas
November, http://www.philstar.com/nation/2013/11/08/1254416/yolanda-makes-second-landfall-over-tolosan-leyte
November, http://www.philstar.com/nation/2013/11/08/1254413/officials-could-not-contact-guiuan-after-yolanda-landfall
November, http://www.philstar.com/nation/2013/11/08/1254133/c.-mindanao-bombing-suspect-finally-nabbed
November, http://www.philstar.com/nation/2013/11/08/1254136/inc-holds-evangelical-medical-missions-rome-california
November, http://www.philstar.com/nation/2013/11/08/1254139/cashier-la-union-power-co-op-indicted
November, http://www.philstar.com/nation/2013/11/08/1254141/lingayen-dagupan-priests-hold-concert
November, http://www.philstar.com/nation/2013/11/07/1254094/coa-questions-baguio-city-employees-p25m-bonus
November, http://www.philstar.com/nation/2013/11/07/1254079/signal-4-eastern-visayas-due-faster-yolanda
November, http://www.philstar.com/nation/2013/11/07/1254073/rookie-cops-ifugao-return-found-bag-cash
November, http://www.philstar.com/nation/2013/11/07/1254049/armm-celebrates-24th-anniversary
November, http://www.philstar.com/nation/2013/11/07/1254039/bombing-expert-nabbed-mindanao
November, http://www.philstar.com/nation/2013/11/07/1254016/list-areas-be-affected-monster-typhoon-yolanda
November, http://www.philstar.com/nation/2013/11/07/1253734/technician-wins-p77-m-lotto-pot
November, http://www.philstar.com/nation/2013/11/06/1253706/ifugao-rice-terraces-mainly-agriculture
November, http://www.philstar.com/nation/2013/11/06/1253692/dotc-attached-agencies-now-full-alert-yolanda
November, http://www.philstar.com/nation/2013/11/06/1253691/2-kidnap-victims-sulu-not-globe-employees
November, http://www.philstar.com/nation/2013/11/06/1253682/armm-set-celebrate-24th-anniversary
November, http://www.philstar.com/nation/2013/11/06/1253664/prayer-rally-held-appeal-indian-traders-release
November, http://www.philstar.com/nation/2013/11/06/1253650/shellfish-ban-bataan
November, http://www.philstar.com/nation/2013/11/06/1253355/mining-exec-escapes-captors-gang-leader-2-others-nabbed
November, http://www.philstar.com/metro/2013/11/06/1253456/army-defends-p24-m-boots-purchase-plan
November, http://www.philstar.com/nation/2013/11/06/1253357/zambo-evacuees-trained-avoid-bombs
November, http://www.philstar.com/nation/2013/11/06/1253358/paf-submits-plan-transfer-7-units-clark
November, http://www.philstar.com/nation/2013/11/06/1253361/poll-bet-supporters-torch-daycare-center
November, http://www.philstar.com/nation/2013/11/06/1253363/dengue-cases-s.-mindanao
November, http://www.philstar.com/nation/2013/11/05/1253314/govt-confident-peace-talks-milf-be-completed-soon
November, http://www.philstar.com/nation/2013/11/05/1253281/school-maguindanao-torched-losing-bets-supporters
November, http://www.philstar.com/nation/2013/11/05/1253284/zamboanga-communities-asked-support-peace-deal-milf
November, http://www.philstar.com/nation/2013/11/05/1253282/palace-urged-replace-westmincom-chief-peace-advocate
November, http://www.philstar.com/nation/2013/11/05/1252997/teen-wins-psinan-barangay-race
November, http://www.philstar.com/metro/2013/11/05/1253099/pasay-undecided-manila-bay-project-proposals
November, http://www.philstar.com/nation/2013/11/04/1252961/baguio-remains-competitive-mayor-says
November, http://www.philstar.com/nation/2013/11/04/1252950/pnoy-awards-18-soldiers-zambo-siege
November, http://www.philstar.com/nation/2013/11/04/1252933/over-18000-take-police-test-sunday
November, http://www.philstar.com/nation/2013/11/04/1252930/amon-jadid-celebrated-armm
November, http://www.philstar.com/nation/2013/11/04/1252621/govt-bid-out-baguio-property-p159-m
November, http://www.philstar.com/nation/2013/11/04/1252623/calabarzon-cop-hurt-armm-polls-gets-award
November, http://www.philstar.com/metro/2013/11/04/1252733/lotto-jackpot-seen-hit-p147-m
November, http://www.philstar.com/nation/2013/11/04/1252626/gunmen-snatch-businesswoman
November, http://www.philstar.com/metro/2013/11/03/1252323/enterprising-folk-make-killing-undas-weekend
November, http://www.philstar.com/nation/2013/11/03/1252296/cotabato-traders-issue-appeal-kidnapped-indian-pal
November, http://www.philstar.com/nation/2013/11/02/1252277/ncotabato-farmers-see-more-income-new-farm-market-road
November, http://www.philstar.com/nation/2013/11/02/1252269/salesmen-rob-agri-supply-store-north-cotabato
November, http://www.philstar.com/nation/2013/11/02/1252267/milf-fighters-also-benefit-project-mnlf
November, http://www.philstar.com/metro/2013/11/02/1252041/more-1-m-flock-mm-cemeteries
November, http://www.philstar.com/nation/2013/11/02/1251944/17-km-stretch-tplex-now-open-motorists
November, http://www.philstar.com/metro/2013/11/02/1252043/dpwh-sets-edsa-repair
November, http://www.philstar.com/nation/2013/11/02/1251946/bohol-quake-victims-glad-miners-came-search-rescue-efforts
November, http://www.philstar.com/nation/2013/11/01/1251911/40000-flock-cemeteries-mm-south
November, http://www.philstar.com/nation/2013/11/01/1251892/maranaw-clans-rido-ends-truce
November, http://www.philstar.com/nation/2013/11/01/1251884/various-groups-appeal-khemanis-release
November, http://www.philstar.com/nation/2013/11/01/1251875/thousands-troop-cemeteries-visit-dead
November, http://www.philstar.com/nation/2013/11/01/1251584/globe-donates-p100000-bohol-high-school
October, http://www.philstar.com/nation/2013/10/31/1251579/mbc-pushes-greater-transparency-amid-pork-scam
October, http://www.philstar.com/nation/2013/10/31/1251566/spd-preapres-undas
October, http://www.philstar.com/nation/2013/10/31/1251531/ardo-tells-soldiers-pursue-peace-mindanao
October, http://www.philstar.com/nation/2013/10/31/1251512/ndrrmc-red-alert-vinta-p84-m-relief-fund-readied
October, http://www.philstar.com/metro/2013/10/31/1251248/chinese-hk-tourists-arriving-manila
October, http://www.philstar.com/nation/2013/10/31/1251213/laguna-water-reaches-out-coastal-villages
October, http://www.philstar.com/nation/2013/10/30/1251150/kidapawan-city-mulls-ban-firecrackers
October, http://www.philstar.com/nation/2013/10/30/1251140/westmincom-chief-be-feted
October, http://www.philstar.com/nation/2013/10/30/1250833/son-mnlf-leader-defeats-veteran-cotabato-village-race
October, http://www.philstar.com/nation/2013/10/30/1250838/vote-buying-disenfranchisement-mar-armm-bgay-polls
October, http://www.philstar.com/metro/2013/10/30/1250990/paranaque-bets-supporters-figure-fistfight
October, http://www.philstar.com/nation/2013/10/30/1250843/lucy-turns-over-road-projects-leytenos
October, http://www.philstar.com/nation/2013/10/30/1250851/crusade-dead-seen-bear-5-m-us-funding
October, http://www.philstar.com/nation/2013/10/29/1250783/makati-ready-undas
October, http://www.philstar.com/nation/2013/10/29/1250760/armm-barangay-polls-peaceful
October, http://www.philstar.com/nation/2013/10/29/1250762/mnlf-leaders-son-defeats-veteran-cotabato-village-polls
October, http://www.philstar.com/nation/2013/10/29/1250477/coa-hails-zambo-school
October, http://www.philstar.com/nation/2013/10/28/1250413/barangay-polls-generally-peaceful-so-far-pnp
October, http://www.philstar.com/nation/2013/10/28/1250401/tight-security-maguindanao-barangay-polls
